{
  "e": 0.10652267818574514,
  "i": 0.057969762419006476,
  "g": 0.026868250539956805,
  "h": 0.033606911447084234,
  "t": 0.06298056155507559,
  "d": 0.033952483801295896,
  "r": 0.07766738660907127,
  "y": 0.0367170626349892,
  "l": 0.06211663066954644,
  "b": 0.02427645788336933,
  "a": 0.08457883369330453,
  "u": 0.04034557235421166,
  "m": 0.027300215982721383,
  "p": 0.031706263498920084,
  "o": 0.0651403887688985,
  "k": 0.01814254859611231,
  "n": 0.04967602591792657,
  "w": 0.016846652267818573,
  "f": 0.019870410367170625,
  "s": 0.057796976241900645,
  "c": 0.04120950323974082,
  "v": 0.013218142548596112,
  "z": 0.0034557235421166306,
  "x": 0.0031965442764578834,
  "q": 0.002505399568034557,
  "j": 0.002332613390928726
}